{
    "start_unix_day": 1601942490.061051,
    "start_unix_min": 1601944415.710068,
    "start_unix_10sec": 1601944415.710068,
    "request_weight_1m": 33,
    "orders_10s": 0,
    "orders_1d": 0
}