{
    "start_unix_day": 1601592630.648737,
    "start_unix_min": 1601662323.369227,
    "start_unix_10sec": 1601662333.617992,
    "request_weight_1m": 76,
    "orders_10s": 0,
    "orders_1d": 0
}