{
    "start_unix_day": 1603911312.270835,
    "start_unix_min": 1603914660.0047638,
    "start_unix_10sec": 1603914720.004447,
    "request_weight_1m": 32,
    "orders_10s": 0,
    "orders_1d": 0
}